494741182, Аня А, https://t.me/+L4lK3X4qCGs1YmU6, -4563179141
791009747, Лада, https://t.me/+9sJOYLIGhwo0OTUy, -1002648932363
1416143754, Антоха, https://t.me/+S-17FlNWefYxYjZi, -1002527216016
332283900, Илья, https://t.me/+dgmYVWpFHe5lZjNi, -1002548832908
316739479, Ясень, https://t.me/+uAadvG86idY2Mzgy, -4790659817
1369794456, Натусик, https://t.me/+G0BN2wtIk801NDRi, -4766792905
1839428835, Лена, https://t.me/+CbwUqg92RTgxMDFi, -1002428082308
460525039, Иринка, https://t.me/+oEe8ZRZqdUMzNTEy, -1002687659881
360375308, Антон Черепок, https://t.me/+TSpWeR8zmgc3YTEy, -1002796002401
487814854, Надя, https://t.me/+9HhWQPkfh1hkODcy, -1003136798961
494741182, Аня, https://t.me/+L4lK3X4qCGs1YmU6, -1002985794240
303958035, Артем, https://t.me/+EeqM-t_Ui7Q4NmFi, -1003448651762
318879711, Саша, https://t.me/+eUPDlXaaEz5iZDEy, -1003312243497
611717600, Маша, https://t.me/+S3ObR0-msZ9hZDZi, -1003459101779
1103164389, Паша, https://t.me/+8Oq1qkKsdShjYmQy, -100777
855038481, Женя, https://t.me/+BWr9_PJufK0xNTAy, -100777
1152427343, Валера, https://t.me/+2eaItyTLsBRlZDQy, -100777
8028365512, Настя, https://t.me/+kYwljbAHKpkwYjli, -100777